index date   ,name,CPIH ALL ITEMS,FOOD AND NON-ALCOHOLIC BEVERAGES,ALCOHOLIC BEVERAGES AND TOBACCO,CLOTHING AND FOOTWEAR,"HOUSING, WATER, ELELCTRICITY, GAS AND OTHER FUELS","FURNITURE, HOUSEHOLD EQUIPMENT AND MAINTENANCE",HEALTH,TRANSPORT,COMMUNICATION,RECREATION & CULTURE,EDUCATION,RESTAURANTS AND HOTELS,MISCELLANEOUS GOODS AND SERVICES
198801,Jan-88,46.851,47.901,27.262,191.973,38.714,68.285,37.606,40.338,96.974,73.343,12.344,32.871,45.903
198802,Feb-88,46.998,48.174,27.365,193.181,38.791,68.649,37.662,40.317,96.963,73.553,12.348,33.025,46.086
198803,Mar-88,47.202,48.324,27.433,194.760,38.993,69.179,38.192,40.559,96.968,73.580,12.349,33.115,46.108
198804,Apr-88,47.801,48.592,27.824,195.128,39.763,69.502,38.385,41.075,96.966,74.924,12.360,33.526,46.369
198805,May-88,48.044,48.714,27.931,197.851,40.011,69.834,38.513,41.217,96.958,75.220,12.365,33.670,46.538
198806,Jun-88,48.210,48.793,27.942,198.489,40.179,69.987,38.608,41.582,96.948,75.162,12.377,33.785,46.703
198807,Jul-88,48.233,48.355,27.941,195.092,40.351,69.900,38.683,41.829,96.938,75.262,12.375,33.887,47.195
198808,Aug-88,48.491,48.583,27.968,195.298,40.694,70.211,38.919,41.995,96.921,75.439,12.392,34.116,47.408
198809,Sep-88,48.716,48.765,28.016,198.023,40.830,70.752,39.014,42.107,97.645,75.386,13.117,34.359,47.560
198810,Oct-88,49.045,48.838,28.115,201.946,41.280,70.942,39.269,42.203,97.621,75.670,13.126,34.555,47.719
198811,Nov-88,49.307,49.205,28.146,203.159,41.616,71.256,39.468,42.184,97.625,75.814,13.168,34.715,48.130
198812,Dec-88,49.337,49.545,28.062,203.868,41.555,71.303,39.488,42.075,97.627,75.863,13.170,34.794,48.237
198901,Jan-89,49.530,49.967,28.350,199.563,41.772,70.921,40.441,42.394,97.581,75.969,13.212,34.981,48.900
198902,Feb-89,49.738,50.106,28.497,201.479,41.938,71.289,40.698,42.559,97.544,76.213,13.221,35.081,49.264
198903,Mar-89,50.003,50.371,28.550,202.247,42.251,71.665,40.742,42.869,97.568,76.311,13.220,35.228,49.354
198904,Apr-89,50.497,50.964,28.666,205.844,42.601,72.042,41.330,43.695,97.629,76.819,13.227,35.419,49.895
198905,May-89,50.866,51.279,28.717,207.132,43.025,72.348,41.640,44.125,97.594,77.471,13.262,35.572,50.037
198906,Jun-89,51.007,51.443,28.757,207.524,43.153,72.466,41.864,44.320,97.546,77.602,13.294,35.709,50.030
198907,Jul-89,50.996,51.133,28.776,203.484,43.285,72.371,41.969,44.291,97.486,77.899,13.318,35.919,50.233
198908,Aug-89,51.139,51.328,28.796,203.512,43.509,72.662,42.263,44.004,97.523,77.979,13.348,36.244,50.308
198909,Sep-89,51.510,51.704,28.941,207.691,43.824,72.988,42.278,44.170,99.412,78.191,13.918,36.476,50.435
198910,Oct-89,51.900,52.259,29.195,210.218,44.150,73.418,42.517,44.294,100.877,78.653,13.933,36.777,50.691
198911,Nov-89,52.093,52.777,29.168,211.519,44.262,73.700,42.637,44.143,101.630,79.320,14.020,36.905,51.016
198912,Dec-89,52.183,53.233,29.059,211.362,44.391,73.846,42.639,43.774,101.790,79.409,14.067,37.071,51.194
199001,Jan-90,52.448,53.958,29.255,206.824,44.681,73.673,43.680,44.082,101.857,79.718,14.229,37.322,51.480
199002,Feb-90,52.864,54.446,29.428,209.130,45.138,74.151,43.740,44.438,102.088,79.972,14.311,37.475,51.794
199003,Mar-90,53.085,54.740,29.537,210.528,45.228,74.893,44.232,44.678,102.011,80.209,14.314,37.641,52.053
199004,Apr-90,54.404,55.242,30.516,213.778,47.275,75.244,44.595,45.708,101.971,81.131,14.336,38.521,52.179
199005,May-90,55.026,55.912,31.176,214.802,48.041,75.786,44.778,45.979,102.233,81.588,14.356,38.994,52.484
199006,Jun-90,55.193,55.876,31.285,214.547,48.215,75.997,45.018,46.270,102.312,81.700,14.495,39.215,52.705
199007,Jul-90,55.183,55.242,31.497,208.671,48.503,75.091,45.421,46.448,102.311,81.687,14.500,39.612,52.890
199008,Aug-90,55.700,55.831,31.437,210.872,48.845,75.961,45.691,47.541,102.313,81.973,14.588,39.945,53.250
199009,Sep-90,56.228,55.985,31.497,215.645,49.116,76.578,46.406,48.577,106.315,82.382,15.467,40.276,53.535
199010,Oct-90,56.700,56.022,31.741,218.166,49.700,77.076,46.726,48.921,108.513,83.194,15.473,40.552,53.883
199011,Nov-90,56.872,56.404,31.736,219.965,50.009,77.585,46.921,48.169,109.386,83.639,15.561,40.735,54.083
199012,Dec-90,56.959,56.771,31.725,219.922,50.309,77.972,46.995,47.286,109.570,83.777,15.600,40.966,54.077
199101,Jan-91,56.964,57.159,32.049,210.958,50.518,76.576,47.350,47.236,109.669,83.803,15.715,41.193,54.484
199102,Feb-91,57.211,57.856,32.311,211.622,50.549,77.473,47.478,47.302,109.793,84.148,15.722,41.377,54.769
199103,Mar-91,57.494,57.876,32.441,213.971,50.876,78.246,47.838,47.650,109.776,84.080,15.732,41.509,54.938
199104,Apr-91,58.729,58.572,35.434,218.398,50.905,79.506,49.288,49.256,112.179,86.743,15.901,43.485,56.190
199105,May-91,59.158,58.485,35.760,219.375,51.349,80.514,49.702,49.950,112.485,87.214,16.020,43.758,56.461
199106,Jun-91,59.461,59.052,35.853,219.830,51.641,80.788,50.039,50.267,112.682,87.173,16.149,44.013,56.554
199107,Jul-91,59.343,58.317,35.805,210.613,51.738,79.865,50.347,50.670,112.976,87.443,16.134,44.394,56.784
199108,Aug-91,59.900,58.884,35.797,213.963,52.463,81.189,50.900,50.862,113.030,87.860,16.196,44.659,57.088
199109,Sep-91,60.091,58.430,35.823,219.218,52.611,81.521,51.062,50.990,114.587,87.847,17.948,44.855,56.983
199110,Oct-91,60.369,58.478,35.845,221.925,52.875,81.754,51.486,51.289,115.871,88.022,18.038,45.027,57.571
199111,Nov-91,60.547,59.024,36.064,222.626,52.884,82.004,51.578,51.386,116.532,88.270,18.066,45.163,57.685
199112,Dec-91,60.663,59.201,36.077,223.153,53.095,82.400,51.694,51.213,116.555,88.499,18.089,45.275,57.422
199201,Jan-92,60.522,59.730,36.460,211.162,53.080,80.596,51.605,51.028,116.351,88.414,18.228,45.366,58.097
199202,Feb-92,60.833,60.096,36.617,212.409,53.349,81.299,51.767,51.424,116.348,88.552,18.261,45.510,58.258
199203,Mar-92,61.064,60.257,36.729,215.032,53.342,82.037,52.270,51.934,116.214,88.945,18.260,45.650,58.459
199204,Apr-92,61.808,60.002,38.167,216.616,54.395,82.084,52.871,52.492,116.223,89.947,18.295,46.103,59.029
199205,May-92,62.164,60.243,38.333,216.529,54.949,82.202,53.138,52.817,116.159,90.050,18.369,46.341,59.256
199206,Jun-92,62.215,60.028,38.359,217.318,54.993,81.919,53.321,53.046,116.184,90.060,18.391,46.522,59.295
199207,Jul-92,62.022,59.249,38.395,207.892,55.199,80.961,53.724,53.006,116.019,89.835,18.447,46.762,59.474
199208,Aug-92,62.113,59.387,38.397,207.401,55.339,81.516,53.928,52.908,116.000,89.940,18.477,46.917,59.321
199209,Sep-92,62.293,59.175,38.412,215.258,55.374,82.381,54.025,52.656,116.014,90.108,19.788,47.136,59.473
199210,Oct-92,62.464,59.360,38.498,218.422,55.463,82.579,54.117,52.732,116.002,90.094,19.863,47.352,59.640
199211,Nov-92,62.542,59.258,38.570,217.642,55.597,82.765,54.413,52.723,115.966,90.270,19.894,47.470,59.963
199212,Dec-92,62.602,59.748,38.625,216.628,55.636,83.414,54.454,52.489,115.964,90.255,19.910,47.580,59.622
199301,Jan-93,62.351,59.925,38.969,205.996,55.683,81.247,54.589,51.858,116.532,90.187,20.036,47.684,59.968
199302,Feb-93,62.737,60.600,39.138,207.600,55.961,81.780,54.640,52.388,117.077,90.537,20.069,47.788,60.296
199303,Mar-93,63.045,61.084,39.333,210.430,56.049,82.466,54.831,52.924,117.587,90.605,20.136,47.943,60.652
199304,Apr-93,63.415,60.791,40.231,212.335,56.098,82.787,55.368,53.866,117.658,91.249,20.221,48.572,61.209
199305,May-93,63.569,61.482,40.438,213.234,55.980,82.937,54.326,54.212,117.667,91.455,20.259,48.715,61.295
199306,Jun-93,63.576,61.128,40.409,211.522,56.077,82.341,52.687,54.849,114.887,91.415,20.337,48.913,61.298
199307,Jul-93,63.430,61.094,40.378,203.724,56.081,81.008,52.427,54.879,116.309,91.356,20.377,49.177,61.471
199308,Aug-93,63.719,61.102,40.627,206.302,56.360,81.863,52.689,54.954,116.492,91.753,20.396,49.323,61.916
199309,Sep-93,63.955,60.875,40.827,213.814,56.414,82.299,52.817,55.126,116.576,91.857,21.676,49.465,62.211
199310,Oct-93,63.953,60.348,40.862,214.639,56.609,82.162,52.727,54.805,116.565,91.928,21.759,49.629,62.213
199311,Nov-93,63.846,59.919,40.595,215.057,56.605,82.540,55.392,53.997,117.015,92.223,21.825,49.701,62.339
199312,Dec-93,64.020,60.062,40.829,214.518,56.805,82.865,55.167,54.395,116.850,92.300,21.852,49.813,61.938
199401,Jan-94,63.965,60.366,41.755,202.957,57.074,80.652,52.863,54.788,113.923,92.093,21.968,49.884,62.148
199402,Feb-94,64.246,60.722,41.928,205.867,57.204,81.004,55.391,55.165,113.518,92.251,21.987,49.972,62.506
199403,Mar-94,64.423,61.122,41.855,208.430,57.243,81.925,52.984,55.482,111.276,92.319,22.009,50.075,62.702
199404,Apr-94,64.933,61.304,42.001,208.439,58.333,81.643,53.541,55.698,111.747,92.654,22.075,50.252,62.602
199405,May-94,65.066,61.824,42.095,208.416,58.248,81.793,56.411,55.941,111.759,92.790,22.131,50.351,62.683
199406,Jun-94,65.061,61.791,42.042,208.071,58.238,81.645,54.282,55.965,111.672,92.826,22.168,50.623,62.800
199407,Jul-94,64.738,61.432,42.037,199.185,58.224,79.997,54.211,55.863,111.227,92.349,22.207,50.841,62.517
199408,Aug-94,65.090,61.620,42.009,203.706,58.463,81.199,56.319,56.099,111.277,92.625,22.217,51.031,62.859
199409,Sep-94,65.198,61.024,42.056,209.516,58.582,81.530,55.956,56.016,110.644,92.713,23.070,51.156,62.946
199410,Oct-94,65.102,60.907,41.991,209.164,58.540,81.404,54.600,55.650,108.233,92.979,23.062,51.328,62.964
199411,Nov-94,65.206,61.115,41.742,210.348,58.685,82.100,54.319,55.428,108.267,93.055,23.153,51.434,63.080
199412,Dec-94,65.456,61.567,41.885,210.582,58.828,82.624,55.590,55.859,108.239,93.130,23.210,51.578,63.170
199501,Jan-95,65.481,62.152,43.014,200.093,58.886,80.862,54.367,56.260,108.282,93.197,23.258,51.918,62.988
199502,Feb-95,65.717,62.492,43.573,200.926,58.952,81.822,53.843,56.537,108.500,93.198,23.304,52.126,63.066
199503,Mar-95,65.997,62.941,43.696,203.032,59.008,82.719,55.438,56.988,108.931,93.377,23.304,52.281,63.299
199504,Apr-95,66.425,62.899,43.872,204.419,59.814,82.581,55.166,57.390,109.145,93.689,23.304,52.432,63.362
199505,May-95,66.734,63.911,44.184,205.265,59.978,83.245,55.725,57.448,109.256,93.763,23.351,52.586,63.638
199506,Jun-95,66.810,63.651,44.182,204.662,60.039,83.033,55.188,57.892,109.146,94.000,23.351,52.902,63.647
199507,Jul-95,66.579,63.211,44.227,195.351,60.073,82.008,55.352,57.898,106.330,94.276,23.397,53.116,63.419
199508,Aug-95,66.858,64.231,44.101,198.019,60.225,82.926,55.403,57.637,106.440,94.492,23.397,53.274,63.739
199509,Sep-95,67.161,64.410,44.145,205.515,60.450,83.609,56.535,57.501,106.441,94.818,24.053,53.320,63.993
199510,Oct-95,67.069,63.625,44.314,205.748,60.572,83.700,55.930,57.017,106.657,94.833,24.053,53.478,63.698
199511,Nov-95,67.098,63.689,44.004,206.753,60.666,84.374,55.859,56.525,106.550,94.846,24.101,53.639,63.897
199512,Dec-95,67.487,64.254,44.148,206.956,60.919,85.213,56.227,57.501,106.763,95.165,24.149,53.693,63.915
199601,Jan-96,67.386,64.654,45.102,193.991,61.127,82.522,56.608,58.154,106.249,95.012,24.221,53.739,63.342
199602,Feb-96,67.717,65.381,45.539,194.425,61.363,83.556,56.776,58.144,106.329,95.234,24.233,53.843,63.940
199603,Mar-96,67.945,65.882,45.616,196.712,61.406,84.828,57.265,58.220,106.278,95.268,24.247,53.945,64.014
199604,Apr-96,68.307,65.854,45.944,197.459,61.976,84.357,58.008,58.773,106.331,95.729,24.287,54.140,64.249
199605,May-96,68.612,66.341,46.137,198.148,62.379,84.863,57.830,58.975,106.525,95.595,24.332,54.318,64.269
199606,Jun-96,68.658,66.265,46.190,198.093,62.413,84.917,57.974,59.004,106.409,95.560,24.352,54.669,64.221
199607,Jul-96,68.346,65.342,46.286,187.530,62.547,83.479,58.000,58.994,105.877,95.418,24.416,54.922,64.438
199608,Aug-96,68.685,66.170,46.167,189.784,62.705,84.333,58.198,59.486,106.036,95.554,24.431,55.112,64.353
199609,Sep-96,69.002,65.458,46.240,198.887,62.876,84.884,58.433,60.239,105.996,95.517,25.044,55.242,64.632
199610,Oct-96,69.060,64.854,46.330,199.084,63.109,84.595,57.825,60.451,103.940,95.752,25.094,55.356,65.160
199611,Nov-96,69.164,64.542,46.111,201.309,63.272,85.406,57.794,60.275,103.953,96.022,25.122,55.465,65.362
199612,Dec-96,69.363,64.652,46.224,201.314,63.375,86.260,58.494,60.732,103.966,96.082,25.188,55.588,65.455
199701,Jan-97,69.158,65.101,46.980,188.925,63.489,83.089,57.636,61.226,103.285,95.900,25.336,55.619,65.318
199702,Feb-97,69.308,65.028,47.347,189.424,63.552,83.566,58.204,61.499,103.284,96.002,25.343,55.754,65.459
199703,Mar-97,69.446,64.623,47.271,192.150,63.622,85.446,59.151,61.476,102.698,95.841,25.355,55.853,65.693
199704,Apr-97,69.743,64.838,47.650,192.875,64.115,84.890,59.604,61.404,102.761,96.394,25.385,56.137,66.099
199705,May-97,70.021,65.304,47.934,193.820,64.426,85.211,59.805,61.486,102.726,96.536,25.409,56.360,66.171
199706,Jun-97,70.130,65.959,47.790,192.821,64.412,85.005,59.315,61.826,102.282,96.603,25.466,56.666,66.167
199707,Jul-97,69.963,65.565,47.872,182.967,64.417,83.698,59.413,62.587,102.451,96.742,25.493,56.948,66.036
199708,Aug-97,70.275,65.761,48.178,186.300,64.538,84.692,60.549,63.018,102.750,96.903,25.517,57.038,66.146
199709,Sep-97,70.511,65.623,48.273,194.170,64.503,85.145,60.475,63.218,103.171,96.949,26.583,57.153,66.289
199710,Oct-97,70.559,65.675,48.294,193.982,64.633,84.901,59.403,63.049,103.137,97.081,26.652,57.294,66.672
199711,Nov-97,70.593,65.359,48.034,196.416,64.583,85.871,59.520,62.923,102.947,97.061,26.696,57.441,66.950
199712,Dec-97,70.706,65.374,48.274,195.722,64.723,86.897,60.368,62.764,102.924,97.066,26.733,57.524,66.952
199801,Jan-98,70.376,65.346,49.482,181.401,64.762,83.386,59.583,63.002,102.577,96.932,26.808,57.771,67.075
199802,Feb-98,70.584,65.297,49.847,182.771,64.839,84.400,60.862,63.106,102.219,96.991,26.808,57.964,67.772
199803,Mar-98,70.769,65.170,49.973,185.684,64.947,85.934,61.157,63.036,102.220,96.833,26.814,58.110,67.878
199804,Apr-98,71.206,65.371,50.320,185.244,65.681,84.828,61.493,64.008,102.152,97.163,26.814,58.332,68.311
199805,May-98,71.545,66.338,50.532,187.553,65.792,85.644,61.546,64.152,102.048,97.202,26.825,58.696,68.586
199806,Jun-98,71.445,66.091,50.435,187.037,65.723,85.150,62.034,64.070,101.898,97.096,26.832,58.820,68.785
199807,Jul-98,71.180,65.916,50.603,175.031,65.838,84.150,61.982,64.024,101.519,97.052,26.844,59.050,68.847
199808,Aug-98,71.408,66.666,50.636,178.403,65.880,84.558,61.979,64.045,100.539,97.056,26.857,59.283,69.146
199809,Sep-98,71.694,66.382,50.660,187.452,66.044,85.162,61.965,63.938,100.381,97.077,28.212,59.402,69.217
199810,Oct-98,71.716,66.470,50.728,186.009,66.188,84.642,62.170,63.756,100.456,97.255,28.231,59.563,69.470
199811,Nov-98,71.803,66.350,50.459,187.546,66.321,85.797,62.321,63.505,100.164,97.186,28.248,59.720,69.479
199812,Dec-98,72.030,66.878,51.141,186.454,66.486,87.779,62.139,63.032,100.180,97.194,28.274,59.871,69.650
199901,Jan-99,71.769,67.113,52.186,172.681,66.727,83.616,62.105,63.382,100.136,97.254,28.296,60.094,69.719
199902,Feb-99,71.926,67.191,52.247,174.079,66.886,84.580,62.390,63.344,99.964,97.009,28.297,60.243,69.900
199903,Mar-99,72.253,66.741,53.192,176.748,66.975,85.952,62.379,64.282,99.929,97.048,28.300,60.323,69.719
199904,Apr-99,72.622,66.409,53.559,175.892,67.647,84.670,62.516,65.371,99.619,97.549,28.325,60.619,70.266
199905,May-99,72.779,66.820,53.637,177.270,67.602,85.528,62.676,65.349,99.068,97.708,28.338,60.874,70.392
199906,Jun-99,72.702,66.407,53.883,177.038,67.565,84.892,62.660,65.284,98.618,97.732,28.354,61.053,70.573
199907,Jul-99,72.381,65.802,54.209,166.991,67.642,83.590,62.825,65.334,98.175,97.436,28.368,61.146,70.922
199908,Aug-99,72.575,65.625,54.361,170.102,67.740,84.205,63.127,65.648,98.328,97.405,28.368,61.230,71.116
199909,Sep-99,72.817,65.524,54.301,177.319,67.811,84.906,63.499,65.539,97.863,97.538,29.847,61.325,71.074
199910,Oct-99,72.777,65.423,54.332,175.807,67.852,84.326,63.625,65.500,96.387,97.983,29.852,61.450,71.113
199911,Nov-99,72.898,65.682,54.147,176.312,67.992,85.442,63.813,65.240,96.514,98.058,29.886,61.480,71.079
199912,Dec-99,73.103,65.782,53.943,174.870,68.233,87.154,63.733,65.526,97.046,97.993,29.899,61.561,71.003
200001,Jan-00,72.622,65.738,54.420,161.459,68.446,82.827,63.940,65.272,97.012,97.854,29.899,61.667,71.007
200002,Feb-00,72.808,65.713,54.720,163.915,68.464,83.250,63.987,65.771,96.509,97.897,29.899,61.821,70.858
200003,Mar-00,72.957,65.208,54.731,165.945,68.499,84.087,64.222,66.316,96.202,97.832,29.899,61.958,70.970
200004,Apr-00,73.291,65.001,56.567,166.540,68.816,84.022,64.553,66.879,95.618,98.007,29.899,62.312,70.903
200005,May-00,73.486,65.657,56.606,166.317,68.902,84.190,64.712,66.967,95.168,98.233,29.899,62.703,71.239
200006,Jun-00,73.575,65.877,56.687,165.491,68.908,83.670,64.611,67.772,95.036,98.108,29.899,62.872,71.007
200007,Jul-00,73.285,66.418,56.611,152.664,68.981,82.076,64.874,67.813,95.872,97.946,29.899,63.117,71.166
200008,Aug-00,73.317,65.851,56.769,155.326,69.056,82.612,65.222,67.146,93.884,98.146,29.899,63.462,71.539
200009,Sep-00,73.770,66.064,57.079,161.307,69.225,83.843,65.366,67.355,93.212,98.692,31.613,63.642,71.662
200010,Oct-00,73.783,66.042,57.058,161.589,69.406,82.985,65.489,66.869,93.147,98.982,31.855,63.806,71.944
200011,Nov-00,73.975,66.438,56.982,162.613,69.595,83.980,65.431,66.962,93.354,98.707,31.855,63.932,72.090
200012,Dec-00,74.004,66.558,56.730,161.350,69.704,85.205,65.583,66.677,92.269,98.657,31.855,64.038,72.220
200101,Jan-01,73.516,66.716,57.128,149.916,69.773,82.039,66.007,66.305,89.563,98.352,31.855,64.126,72.412
200102,Feb-01,73.709,66.843,57.528,151.856,69.920,82.698,66.119,66.097,88.651,98.760,31.855,64.245,72.679
200103,Mar-01,73.939,67.692,57.968,154.079,70.003,83.788,66.563,65.743,87.358,98.733,31.855,64.476,72.830
200104,Apr-01,74.407,67.865,58.146,152.496,70.798,83.390,67.037,66.737,87.155,99.212,31.855,64.881,73.245
200105,May-01,74.877,69.734,58.077,152.840,70.926,83.930,67.537,67.551,87.483,99.538,31.855,65.163,73.625
200106,Jun-01,74.999,70.144,58.197,152.689,70.961,83.755,67.117,67.864,87.265,99.650,31.855,65.371,73.867
200107,Jul-01,74.549,68.714,58.147,141.724,70.930,82.219,67.508,68.147,88.115,99.810,31.855,65.566,73.469
200108,Aug-01,74.827,68.544,58.256,145.819,71.097,82.874,67.690,68.251,89.485,100.027,31.855,65.727,73.654
200109,Sep-01,75.037,68.448,58.528,150.366,71.318,84.062,67.835,67.143,89.535,100.221,33.256,65.880,74.057
200110,Oct-01,74.948,68.556,58.632,149.344,71.307,83.257,67.892,66.642,90.056,100.207,33.428,66.105,73.972
200111,Nov-01,74.852,68.429,58.428,150.026,71.326,84.291,68.271,65.264,89.722,100.256,33.428,66.236,73.984
200112,Dec-01,75.011,68.807,58.087,149.449,71.360,85.605,68.320,65.437,89.733,100.477,33.428,66.332,74.212
200201,Jan-02,74.837,69.330,58.561,140.616,71.592,82.713,68.759,65.516,89.407,100.281,33.428,66.441,74.496
200202,Feb-02,74.953,69.343,58.660,140.414,71.739,83.433,68.694,65.611,89.618,100.398,33.428,66.544,74.457
200203,Mar-02,75.196,69.456,58.660,141.874,71.781,84.602,68.967,66.051,89.113,100.723,33.428,66.802,74.568
200204,Apr-02,75.631,69.300,58.732,141.227,72.612,83.573,69.515,67.026,89.216,101.146,33.428,67.109,75.166
200205,May-02,75.807,69.114,59.247,141.756,72.777,84.267,69.748,67.306,89.033,101.022,33.428,67.350,75.340
200206,Jun-02,75.811,68.665,59.171,140.447,72.833,83.544,70.045,67.683,89.171,101.301,33.428,67.610,75.198
200207,Jul-02,75.607,68.603,59.576,131.891,72.716,82.493,69.891,68.529,89.070,101.067,33.428,67.790,75.023
200208,Aug-02,75.784,68.520,59.364,133.376,72.741,82.826,70.319,68.732,89.295,101.715,33.428,67.979,75.170
200209,Sep-02,75.974,68.621,59.677,139.978,72.828,83.860,70.411,67.450,89.428,101.915,34.219,68.145,75.314
200210,Oct-02,76.098,68.725,59.590,139.269,72.872,83.103,70.580,67.338,89.733,102.111,36.270,68.308,76.190
200211,Nov-02,76.065,68.682,59.382,141.200,72.797,83.753,70.642,66.576,89.844,102.167,36.270,68.428,76.140
200212,Dec-02,76.291,68.654,59.088,138.412,72.871,85.006,70.589,68.211,89.743,101.998,36.270,68.573,76.473
200301,Jan-03,75.894,68.645,59.520,132.724,72.913,82.171,71.029,67.699,89.781,101.533,36.270,68.689,75.829
200302,Feb-03,76.142,69.107,59.561,134.339,73.051,82.678,71.268,68.058,89.823,101.710,36.270,68.803,75.941
200303,Mar-03,76.388,69.366,59.552,135.300,73.162,83.940,71.358,68.692,89.890,101.489,36.270,69.042,76.061
200304,Apr-03,76.801,69.633,60.229,135.171,73.949,82.796,71.698,69.866,89.808,101.383,36.270,69.275,76.169
200305,May-03,76.808,70.045,60.394,135.313,73.911,83.862,71.913,69.272,89.922,100.881,36.270,69.522,76.234
200306,Jun-03,76.686,69.657,60.450,134.179,73.844,83.360,72.023,69.242,89.226,100.513,36.270,69.738,76.379
200307,Jul-03,76.623,69.643,60.503,128.940,73.839,82.447,72.681,70.114,89.977,99.911,36.270,69.886,76.832
200308,Aug-03,76.829,69.680,60.824,131.822,73.821,82.677,72.720,70.420,89.945,100.094,36.270,70.023,77.164
200309,Sep-03,76.992,70.188,60.763,135.362,73.816,83.604,72.890,69.600,90.406,100.106,37.202,70.181,77.365
200310,Oct-03,77.092,70.363,60.841,134.712,73.944,82.894,73.109,69.470,90.082,100.019,37.978,70.315,78.361
200311,Nov-03,77.067,70.561,60.368,135.222,73.980,83.528,73.166,68.956,89.558,99.796,37.978,70.484,78.325
200312,Dec-03,77.268,70.764,60.145,133.535,74.021,84.500,72.754,70.274,89.501,99.666,37.978,70.639,78.515
200401,Jan-04,77.001,70.583,60.539,129.367,74.179,82.101,72.949,69.862,89.514,98.887,37.978,70.709,79.058
200402,Feb-04,77.180,70.764,60.541,129.090,74.365,83.010,72.818,70.199,90.064,98.752,37.978,70.799,79.230
200403,Mar-04,77.290,70.790,60.664,129.115,74.439,83.470,72.961,70.198,90.130,98.782,37.978,71.151,79.288
200404,Apr-04,77.647,70.602,61.450,128.849,75.190,83.152,73.327,70.781,90.565,99.082,37.978,71.403,79.163
200405,May-04,77.871,70.816,61.577,129.185,75.213,83.821,73.420,71.838,90.477,98.787,37.978,71.616,79.217
200406,Jun-04,77.855,70.285,61.588,127.824,75.274,83.706,73.544,71.894,90.068,99.269,37.978,71.779,79.134
200407,Jul-04,77.713,69.826,61.803,122.624,75.302,81.949,73.621,72.883,89.024,99.064,37.978,71.875,79.366
200408,Aug-04,77.872,69.654,61.991,124.271,75.352,82.399,73.581,73.208,88.996,99.090,37.978,72.024,79.567
200409,Sep-04,77.919,69.845,62.110,127.478,75.425,83.270,73.961,71.953,88.114,99.023,38.888,72.086,79.759
200410,Oct-04,78.126,69.985,62.078,127.453,75.786,82.574,74.305,71.838,88.241,99.002,39.863,72.310,80.784
200411,Nov-04,78.258,70.301,61.721,127.974,75.958,83.237,74.336,71.863,87.938,98.831,39.863,72.523,80.900
200412,Dec-04,78.622,70.765,61.433,126.205,76.169,85.149,74.223,73.162,87.631,99.036,39.863,72.692,81.039
200501,Jan-05,78.321,70.907,62.055,121.641,76.358,81.776,74.741,72.015,87.526,98.505,39.863,72.779,81.932
200502,Feb-05,78.497,71.411,62.338,121.495,76.462,82.103,74.860,72.693,87.709,98.038,39.863,72.975,81.977
200503,Mar-05,78.801,71.999,62.034,122.406,76.662,83.448,74.920,73.237,87.586,98.069,39.863,73.170,82.142
200504,Apr-05,79.130,71.350,62.761,121.979,77.388,82.352,75.362,73.647,87.592,98.479,39.863,73.758,82.551
200505,May-05,79.355,71.803,63.009,122.024,77.520,83.019,75.507,74.333,87.208,98.237,39.863,73.991,82.671
200506,Jun-05,79.426,71.820,63.030,121.627,77.679,83.253,75.581,74.410,87.398,98.072,39.863,74.086,82.797
200507,Jul-05,79.478,71.010,63.175,116.724,77.851,82.496,76.189,76.129,86.686,97.611,39.863,74.339,83.525
200508,Aug-05,79.713,71.155,63.124,118.723,77.966,82.599,76.345,77.035,87.022,97.158,39.863,74.577,83.672
200509,Sep-05,79.857,71.171,63.028,120.710,78.154,83.140,76.279,76.363,86.933,97.447,40.710,74.772,83.830
200510,Oct-05,79.997,71.008,63.296,120.736,78.496,82.494,76.484,76.181,86.708,97.517,41.750,75.007,84.198
200511,Nov-05,80.017,71.463,63.318,121.431,78.673,83.330,76.461,75.035,86.747,97.322,41.750,75.056,84.375
200512,Dec-05,80.259,71.912,63.028,120.978,78.953,85.207,75.978,75.287,86.620,97.372,41.750,75.215,84.443
200601,Jan-06,80.011,71.708,63.524,116.000,79.273,81.082,76.462,75.719,87.832,96.518,41.750,75.274,84.806
200602,Feb-06,80.242,72.134,63.385,115.893,79.423,81.612,76.590,75.833,87.927,97.258,41.750,75.538,84.904
200603,Mar-06,80.400,71.664,63.584,116.702,79.695,83.134,76.521,75.857,87.863,96.735,41.750,75.786,85.136
200604,Apr-06,80.905,71.545,64.323,116.614,80.744,81.644,77.393,76.926,87.913,96.950,41.750,75.974,85.864
200605,May-06,81.276,72.569,64.414,117.505,81.164,82.310,77.733,77.368,86.938,96.728,41.750,76.383,85.989
200606,Jun-06,81.501,73.093,65.083,116.890,81.482,83.106,77.635,77.375,87.176,96.546,41.750,76.478,86.425
200607,Jul-06,81.474,73.207,64.952,111.495,81.750,81.300,77.992,78.693,86.989,96.289,41.750,76.715,86.484
200608,Aug-06,81.774,73.517,65.204,114.072,81.943,82.072,78.297,78.958,86.430,96.270,41.750,76.830,86.846
200609,Sep-06,81.868,73.912,65.191,116.512,82.150,83.360,78.414,76.839,86.877,96.494,43.590,76.958,87.073
200610,Oct-06,81.998,74.305,65.312,116.824,82.494,82.072,78.833,75.825,87.587,96.491,47.577,77.288,87.319
200611,Nov-06,82.222,74.975,64.972,117.547,82.847,82.862,78.807,75.622,87.484,96.632,47.577,77.478,87.271
200612,Dec-06,82.605,75.143,64.723,116.029,83.079,85.712,78.881,76.809,87.163,97.091,47.577,77.645,87.167
200701,Jan-07,82.146,74.465,65.705,111.179,83.355,81.417,79.354,76.250,86.347,96.248,47.577,77.776,87.393
200702,Feb-07,82.426,75.202,66.053,111.042,83.436,82.488,79.415,76.719,85.619,96.300,47.577,78.009,87.946
200703,Mar-07,82.770,75.609,66.342,112.157,83.506,85.329,79.346,76.976,85.562,96.169,47.577,78.348,88.279
200704,Apr-07,83.088,75.797,67.227,113.306,84.070,83.365,79.845,77.946,84.835,96.249,47.577,78.841,87.921
200705,May-07,83.317,76.127,67.111,113.308,84.058,84.327,80.154,79.212,84.322,96.005,47.577,79.066,87.870
200706,Jun-07,83.501,76.550,67.300,113.096,84.059,86.251,80.310,79.726,83.957,95.538,47.577,79.280,87.908
200707,Jul-07,83.120,75.273,67.171,108.515,84.138,82.543,80.690,80.610,82.774,95.016,47.577,79.476,88.123
200708,Aug-07,83.411,75.703,67.274,110.072,84.262,82.996,80.878,81.050,84.831,95.475,47.577,79.591,87.742
200709,Sep-07,83.477,76.694,67.331,111.787,84.281,84.549,81.072,78.887,84.387,95.646,49.646,79.783,87.909
200710,Oct-07,83.846,77.875,67.111,111.752,84.493,83.476,81.398,79.608,84.023,95.708,53.835,80.007,88.435
200711,Nov-07,84.057,78.623,66.868,112.340,84.672,84.140,81.247,79.809,84.059,95.661,53.835,80.102,88.616
200712,Dec-07,84.501,79.286,66.472,111.456,84.862,86.375,81.469,81.220,83.974,96.012,53.835,80.300,88.785
200801,Jan-08,84.100,79.072,67.197,105.759,85.223,82.926,81.860,81.056,83.636,95.067,53.835,80.317,88.719
200802,Feb-08,84.597,79.449,67.982,105.824,86.140,84.055,81.913,81.448,82.351,95.260,53.835,80.583,88.998
200803,Mar-08,84.921,79.782,68.019,106.243,86.292,85.771,82.110,82.359,82.237,94.849,53.835,80.936,89.363
200804,Apr-08,85.588,80.813,70.081,106.133,87.265,84.706,82.469,82.741,82.495,95.340,53.835,81.876,89.969
200805,May-08,86.069,82.176,70.429,106.079,87.465,85.882,82.587,84.128,82.413,95.338,53.835,82.181,90.130
200806,Jun-08,86.574,83.935,70.355,104.569,87.631,87.813,82.764,85.576,82.909,95.632,53.835,82.371,90.209
200807,Jul-08,86.608,84.604,70.065,101.173,87.846,85.081,83.425,87.254,82.304,94.955,53.835,82.740,90.507
200808,Aug-08,87.081,85.687,70.278,102.601,88.511,85.787,83.515,87.330,82.428,95.336,53.835,82.811,90.663
200809,Sep-08,87.461,85.431,70.238,104.832,89.849,87.144,83.490,85.075,82.249,95.882,55.020,83.185,90.817
200810,Oct-08,87.327,85.770,70.065,104.238,90.127,86.253,83.625,83.126,82.277,95.477,58.441,83.393,90.994
200811,Nov-08,87.284,87.004,69.543,104.272,90.246,86.843,84.087,80.921,82.864,95.635,58.441,83.421,91.447
200812,Dec-08,87.061,87.623,69.415,99.884,90.249,87.095,83.317,81.525,81.192,94.812,58.441,83.215,90.997
200901,Jan-09,86.575,87.200,70.731,95.172,90.268,84.816,83.728,79.762,82.036,94.602,58.441,83.230,91.251
200902,Feb-09,87.192,88.630,71.854,95.921,90.328,86.908,83.931,80.505,81.877,95.659,58.441,83.512,91.711
200903,Mar-09,87.305,88.206,72.016,96.947,90.014,88.714,84.063,80.891,81.694,95.737,58.441,83.697,91.993
200904,Apr-09,87.539,87.810,72.049,97.142,90.180,87.847,84.707,82.177,83.560,95.922,58.441,83.927,92.039
200905,May-09,87.911,88.636,73.186,97.479,90.028,88.702,84.737,83.416,83.576,96.199,58.441,84.249,92.118
200906,Jun-09,88.069,88.469,72.695,96.033,89.965,89.573,84.911,84.612,83.573,96.817,58.441,84.349,91.996
200907,Jul-09,88.030,88.079,72.881,92.972,89.974,87.241,85.531,86.003,83.594,96.955,58.441,84.422,92.331
200908,Aug-09,88.314,87.545,73.178,94.161,89.943,88.523,85.879,87.336,83.540,97.141,58.441,84.507,92.425
200909,Sep-09,88.336,86.747,73.184,97.539,89.857,89.877,86.073,86.137,83.260,97.362,59.516,84.509,92.637
200910,Oct-09,88.408,87.657,73.069,97.110,89.722,89.206,86.417,86.179,84.512,97.475,61.479,84.712,92.186
200911,Nov-09,88.590,88.167,72.624,97.683,89.682,89.975,86.274,86.716,84.262,97.664,61.479,84.765,92.332
200912,Dec-09,88.932,89.015,72.514,96.373,89.520,91.873,85.916,88.590,84.311,97.683,61.479,84.730,92.725
201001,Jan-10,88.785,88.826,75.169,90.914,89.537,89.130,86.887,88.459,85.432,97.979,61.479,85.029,93.151
201002,Feb-10,89.040,89.821,74.947,92.759,89.294,90.067,86.818,88.982,85.659,97.955,61.479,85.481,93.193
201003,Mar-10,89.439,90.101,75.501,94.419,89.281,91.467,86.871,90.007,85.748,98.202,61.479,85.831,93.360
201004,Apr-10,89.886,90.362,77.143,96.538,89.365,90.051,86.927,91.206,88.215,98.207,61.479,86.332,94.064
201005,May-10,90.066,90.236,76.977,96.842,89.454,91.076,86.904,91.847,87.997,98.083,61.479,86.582,94.233
201006,Jun-10,90.170,90.167,76.678,94.781,89.476,91.703,87.171,92.160,88.925,98.527,61.479,86.759,94.776
201007,Jul-10,90.026,91.060,76.671,90.109,89.559,90.041,87.817,92.784,88.957,98.253,61.479,86.922,94.320
201008,Aug-10,90.412,91.189,76.587,92.584,89.647,90.959,88.268,93.946,88.252,98.404,61.479,86.999,94.681
201009,Sep-10,90.433,91.228,77.034,98.460,89.739,92.453,88.389,90.762,86.949,98.297,63.321,87.227,94.971
201010,Oct-10,90.635,91.616,77.651,97.821,89.823,91.581,88.986,91.196,87.808,98.888,64.727,87.349,94.978
201011,Nov-10,90.930,93.051,77.414,99.755,89.973,93.038,88.803,91.143,87.544,98.664,64.727,87.505,94.947
201012,Dec-10,91.661,94.496,76.734,97.906,90.414,94.234,88.657,94.438,87.296,99.118,64.727,87.714,95.332
201101,Jan-11,91.773,94.451,80.224,92.149,90.710,92.524,89.299,95.366,88.482,98.959,64.727,88.858,95.119
201102,Feb-11,92.321,95.429,79.364,95.439,90.833,93.776,89.131,96.168,89.671,99.189,64.727,89.306,95.673
201103,Mar-11,92.564,94.194,79.785,96.506,91.079,95.411,89.670,97.285,89.530,98.779,64.727,89.501,95.840
201104,Apr-11,93.323,94.344,83.948,97.737,91.434,94.684,90.426,99.954,90.262,99.026,64.727,90.020,95.978
201105,May-11,93.511,95.551,84.532,98.089,91.496,95.013,90.296,99.268,91.128,98.892,64.727,90.447,96.557
201106,Jun-11,93.456,96.459,84.030,96.239,91.569,95.458,90.332,99.511,90.247,98.000,64.727,90.617,96.572
201107,Jul-11,93.457,96.748,84.522,92.896,91.736,94.417,90.818,100.028,91.031,97.991,64.727,90.752,96.876
201108,Aug-11,93.922,96.888,84.086,96.328,91.992,96.335,91.171,100.951,91.133,97.586,64.727,90.968,97.246
201109,Sep-11,94.459,97.083,84.725,100.536,93.219,97.447,91.451,98.906,91.986,97.679,66.245,91.327,97.227
201110,Oct-11,94.534,96.241,84.680,101.332,93.470,96.847,91.591,98.288,91.858,98.357,68.012,91.316,97.623
201111,Nov-11,94.675,96.810,84.916,102.496,93.647,97.829,91.665,97.741,91.727,98.090,68.012,91.484,97.617
201112,Dec-11,95.030,98.131,83.626,99.635,93.791,98.802,91.494,99.885,92.916,98.377,68.012,91.581,97.887
201201,Jan-12,94.677,97.795,85.202,94.827,93.947,96.568,92.157,99.231,92.645,98.333,68.012,91.566,97.797
201202,Feb-12,95.157,98.973,85.903,97.511,93.897,98.073,92.263,99.835,93.171,98.230,68.012,91.916,98.392
201203,Mar-12,95.411,98.503,86.057,99.580,93.910,99.399,92.243,100.568,93.685,98.151,68.012,92.123,98.372
201204,Apr-12,95.897,98.378,88.596,99.772,94.324,98.160,93.264,101.772,94.093,98.580,68.012,93.024,98.530
201205,May-12,95.875,98.708,88.530,99.651,94.353,98.830,93.221,100.983,95.055,98.159,68.012,93.417,98.558
201206,Jun-12,95.581,98.603,88.065,95.489,94.395,98.851,93.623,100.475,94.898,98.258,68.012,93.462,98.309
201207,Jul-12,95.665,98.775,88.713,93.014,94.586,97.796,93.603,101.432,95.240,98.387,68.012,93.657,98.416
201208,Aug-12,96.081,98.985,88.908,95.640,94.734,98.586,93.620,102.731,95.312,98.155,68.012,93.755,98.683
201209,Sep-12,96.418,98.981,89.849,100.075,94.875,99.095,93.769,101.484,95.300,98.815,68.341,94.020,99.346
201210,Oct-12,96.831,99.474,90.188,101.258,94.948,98.525,93.907,101.362,95.485,99.181,81.426,93.982,99.357
201211,Nov-12,96.972,100.559,89.735,101.890,95.234,98.439,93.954,100.376,95.287,99.112,81.426,94.499,99.724
201212,Dec-12,97.344,101.816,88.708,100.420,95.989,99.653,94.049,101.054,95.173,99.058,81.426,94.531,99.793
201301,Jan-13,96.976,101.885,92.572,95.021,95.973,97.405,94.229,100.365,96.114,98.953,81.426,94.511,99.107
201302,Feb-13,97.520,102.596,92.056,96.947,96.204,98.837,94.239,101.585,97.110,99.460,81.426,94.779,99.227
201303,Mar-13,97.809,102.140,91.601,99.219,96.253,99.602,94.451,102.207,97.043,99.959,81.426,94.949,99.436
201304,Apr-13,97.998,102.862,93.688,99.176,96.609,98.308,95.505,101.552,97.153,99.980,81.426,95.393,99.582
201305,May-13,98.192,102.890,94.116,100.337,96.630,99.337,95.455,102.035,97.495,99.709,81.426,95.712,99.481
201306,Jun-13,98.046,102.342,93.796,98.459,96.692,98.910,95.412,102.146,97.527,99.524,81.426,95.829,99.685
201307,Jul-13,98.028,102.579,94.417,95.341,96.886,97.922,96.031,103.085,97.794,99.058,81.426,96.034,99.813
201308,Aug-13,98.398,103.093,94.343,97.192,96.965,99.626,96.231,104.123,97.659,99.062,81.426,95.985,99.872
201309,Sep-13,98.684,103.209,94.763,101.227,97.034,99.769,96.423,102.625,97.718,99.659,82.987,96.426,100.203
201310,Oct-13,98.752,103.347,95.063,102.255,97.111,99.408,96.274,101.038,98.019,99.830,89.788,96.630,99.958
201311,Nov-13,98.823,103.363,94.978,102.984,97.188,99.345,96.261,100.462,97.845,100.283,89.788,96.714,100.231
201312,Dec-13,99.175,103.751,93.841,102.032,98.051,101.059,96.339,101.542,98.228,99.860,89.788,96.738,100.005
201401,Jan-14,98.704,103.898,96.729,96.569,98.030,97.930,96.908,100.915,98.736,99.381,89.788,96.576,99.803
201402,Feb-14,99.113,104.436,95.814,97.662,98.084,100.396,97.371,101.199,98.939,100.188,89.788,96.953,100.068
201403,Mar-14,99.305,103.918,96.112,99.427,98.066,100.673,97.530,101.155,99.176,100.591,89.788,97.414,100.353
201404,Apr-14,99.641,103.437,96.934,100.373,98.460,99.774,98.199,103.107,98.967,100.455,89.788,97.571,99.959
201405,May-14,99.622,102.230,98.356,100.290,98.573,100.265,98.278,102.435,98.447,100.868,89.788,97.917,99.828
201406,Jun-14,99.798,102.393,98.414,100.875,98.641,100.503,98.317,103.002,98.371,100.824,89.788,98.294,99.742
201407,Jul-14,99.567,102.200,97.732,95.128,98.877,98.957,98.455,104.318,98.438,100.636,89.788,98.702,99.280
201408,Aug-14,99.913,101.965,98.688,97.607,99.022,99.937,98.941,105.154,98.396,100.532,89.788,98.525,99.486
201409,Sep-14,99.957,101.808,99.347,101.497,99.098,100.530,98.715,102.635,98.514,100.447,91.508,98.689,99.790
201410,Oct-14,100.085,101.884,100.007,102.067,99.224,99.424,98.416,101.529,98.551,100.892,98.725,99.024,99.669
201411,Nov-14,99.893,101.651,98.748,102.815,99.304,99.551,98.156,100.308,98.290,100.667,98.725,98.995,99.515
201412,Dec-14,99.912,101.958,98.543,101.730,99.373,101.180,98.324,100.131,98.881,100.461,98.725,98.965,99.428
201501,Jan-15,99.241,101.294,99.892,97.970,99.448,98.653,98.970,98.091,98.881,99.538,98.725,98.857,99.355
201502,Feb-15,99.464,101.025,99.461,99.292,99.498,100.081,99.090,98.457,99.746,99.488,98.725,99.087,99.606
201503,Mar-15,99.640,100.850,99.340,99.231,99.430,100.527,99.545,99.213,99.965,99.924,98.725,99.320,99.838
201504,Apr-15,99.897,100.484,99.795,99.946,99.742,99.304,100.193,100.332,99.913,100.113,98.725,99.570,99.832
201505,May-15,100.063,100.428,100.515,100.485,99.834,99.873,100.521,100.936,99.659,99.973,98.725,99.769,99.620
201506,Jun-15,100.121,100.148,100.665,100.068,99.925,100.227,99.863,101.166,99.440,99.909,98.725,100.200,99.808
201507,Jul-15,100.026,99.453,99.637,96.717,100.092,98.727,100.793,102.408,99.732,100.086,98.725,100.304,99.852
201508,Aug-15,100.265,99.481,100.696,98.183,100.228,100.417,100.668,102.557,99.507,99.736,98.725,100.299,100.244
201509,Sep-15,100.197,99.537,100.717,100.925,100.239,101.151,100.701,99.884,99.919,99.758,99.872,100.482,100.279
201510,Oct-15,100.325,99.126,100.292,102.923,100.379,100.109,100.032,98.825,100.550,100.601,103.441,100.623,100.389
201511,Nov-15,100.333,99.205,100.142,102.803,100.550,99.933,99.820,98.164,101.148,100.586,103.441,100.824,100.699
201512,Dec-15,100.429,98.968,98.849,101.458,100.633,100.998,99.805,99.967,101.540,100.288,103.441,100.665,100.478
201601,Jan-16,99.862,98.667,101.154,98.333,100.775,98.641,101.181,97.583,101.068,99.530,103.441,100.425,100.729
201602,Feb-16,100.079,98.767,100.590,99.595,100.829,100.300,101.181,97.548,101.851,99.436,103.441,100.931,100.748
201603,Mar-16,100.389,98.054,100.289,100.613,100.858,101.022,101.383,99.087,101.387,99.794,103.441,101.445,100.718
201604,Apr-16,100.582,97.971,101.111,100.281,101.246,99.511,102.279,99.008,101.595,100.607,103.441,101.867,100.734
201605,May-16,100.772,97.582,101.505,100.070,101.437,99.956,102.517,99.878,102.516,100.188,103.441,102.383,100.832
201606,Jun-16,100.951,97.172,101.159,99.417,101.572,99.618,102.650,100.904,103.130,100.833,103.441,102.540,100.872
201607,Jul-16,100.928,96.900,101.449,96.057,101.715,97.967,102.661,102.466,103.426,100.749,103.441,102.988,100.764
201608,Aug-16,101.223,97.316,102.145,96.990,101.880,99.328,102.789,103.289,103.659,100.482,103.441,102.633,101.048
201609,Sep-16,101.461,97.212,102.491,101.979,102.002,99.721,103.055,101.075,103.562,100.560,105.745,103.378,101.482
201610,Oct-16,101.589,96.722,102.418,102.248,102.303,100.233,102.003,101.108,103.704,100.784,107.857,103.244,101.519
201611,Nov-16,101.795,97.088,101.875,103.724,102.397,100.751,102.087,100.773,103.814,101.254,107.857,103.445,101.720
201612,Dec-16,102.203,97.869,101.319,102.698,102.585,101.622,102.251,103.584,103.283,101.213,107.857,103.500,101.480
201701,Jan-17,101.792,98.157,103.664,98.362,102.763,99.052,103.136,102.796,103.163,100.477,107.857,103.398,101.573
201702,Feb-17,102.406,98.952,103.472,99.546,102.843,101.415,103.484,103.977,104.132,101.030,107.857,104.144,101.869
201703,Mar-17,102.732,99.301,105.243,101.576,102.923,102.134,103.522,103.462,104.259,101.377,107.857,104.401,102.512
201704,Apr-17,103.226,99.504,105.610,102.701,103.442,101.153,104.509,105.100,103.334,101.648,107.857,105.018,102.447
201705,May-17,103.533,99.649,106.477,103.192,103.718,102.333,104.849,104.329,103.957,102.538,107.857,105.579,102.555
201706,Jun-17,103.534,99.482,106.285,102.128,103.746,102.813,104.969,104.423,104.641,102.424,107.857,105.879,102.659
201707,Jul-17,103.506,99.427,106.592,99.125,103.948,101.606,105.307,105.510,104.250,102.259,107.857,106.188,102.713
201708,Aug-17,104.002,99.492,106.710,101.477,104.096,103.477,105.340,106.549,105.972,102.364,107.857,106.245,103.018
201709,Sep-17,104.312,100.271,106.857,105.384,104.210,103.700,105.360,105.122,105.646,103.165,108.817,106.604,102.957
201710,Oct-17,104.397,100.646,106.814,105.543,104.348,103.294,105.366,104.947,105.451,103.724,110.877,106.485,102.467
201711,Nov-17,104.664,101.140,106.391,106.819,104.409,103.574,105.393,105.045,105.726,104.470,110.877,106.802,102.326
201712,Dec-17,104.980,101.876,106.904,105.830,104.478,104.985,105.493,107.418,104.352,104.064,110.877,106.674,102.309
201801,Jan-18,104.544,101.803,109.316,101.727,104.569,102.239,106.097,106.228,104.407,103.881,110.877,106.588,102.338
201802,Feb-18,104.919,101.879,109.384,103.417,104.611,104.829,106.168,106.808,103.867,104.132,110.877,106.695,102.662
201803,Mar-18,105.062,102.347,108.860,104.121,104.697,104.716,106.297,106.454,103.910,104.792,110.877,107.055,102.463
201804,Apr-18,105.524,102.221,109.747,104.503,105.274,103.859,107.340,107.539,104.401,105.186,110.877,107.868,102.487
201805,May-18,105.863,101.932,110.701,104.733,105.355,104.518,107.296,109.155,104.706,105.322,110.877,108.274,102.549
201806,Jun-18,105.870,101.483,110.561,102.494,105.605,104.819,107.465,110.004,105.398,104.871,110.877,108.602,102.463
201807,Jul-18,105.859,101.739,110.285,98.753,105.840,102.912,107.582,111.467,105.935,105.442,110.877,108.795,101.694
201808,Aug-18,106.500,101.895,110.997,101.798,105.965,104.159,107.859,112.936,106.342,106.062,110.877,108.923,102.279
201809,Sep-18,106.628,101.766,111.172,104.931,106.223,104.129,108.072,110.911,106.645,106.347,112.024,109.249,102.614
201810,Oct-18,106.712,101.522,111.005,104.434,106.494,104.010,107.767,110.493,107.429,107.107,114.362,109.067,102.490
201811,Nov-18,106.921,101.658,112.499,106.006,106.543,104.216,107.741,110.067,107.469,107.181,114.362,109.657,102.726
201812,Dec-18,107.066,102.603,111.296,104.920,106.625,105.290,107.886,110.924,107.325,106.985,114.362,109.990,102.439
201901,Jan-19,106.392,102.703,113.950,100.412,106.048,103.128,108.524,109.535,107.617,106.855,114.362,109.328,102.586
201902,Feb-19,106.808,103.101,114.933,101.390,106.112,105.173,108.756,109.989,107.575,107.365,114.362,109.518,102.904
201903,Mar-19,106.987,103.207,114.562,102.432,106.191,105.293,109.029,109.910,107.737,107.614,114.362,110.010,103.087
201904,Apr-19,107.639,102.933,114.047,102.589,107.656,104.000,109.882,112.433,109.166,106.792,114.362,110.460,103.445
201905,May-19,107.919,103.028,114.331,103.088,107.769,105.103,110.056,112.077,109.839,107.295,114.362,111.352,103.695
201906,Jun-19,107.907,103.161,114.606,102.044,107.795,105.815,110.362,112.480,109.974,106.846,114.362,111.265,103.543
201907,Jul-19,107.953,103.237,114.448,99.127,107.894,103.989,110.437,112.946,109.956,108.024,114.362,112.160,103.430
201908,Aug-19,108.301,103.757,114.620,100.951,107.961,104.982,110.485,114.377,110.211,107.334,114.362,111.940,104.097
201909,Sep-19,108.414,103.519,114.467,103.943,108.062,106.156,110.925,111.514,110.976,107.865,115.575,112.793,104.377
201910,Oct-19,108.285,102.895,114.870,104.956,107.707,104.961,110.564,111.275,111.038,108.294,117.506,112.516,104.377
201911,Nov-19,108.516,103.752,114.650,106.004,107.824,105.471,110.862,110.998,111.011,108.788,117.506,112.335,104.696
201912,Dec-19,108.520,104.343,113.013,104.095,107.920,106.907,110.928,111.683,111.955,108.491,117.506,111.764,104.617
202001,Jan-20,108.268,104.188,115.655,100.684,108.011,103.585,111.599,111.527,112.136,108.399,117.506,111.690,105.029
202002,Feb-20,108.631,104.406,115.704,101.560,107.974,105.380,112.072,112.027,112.408,108.837,117.506,112.293,105.336
202003,Mar-20,108.637,104.573,116.180,101.246,108.013,105.426,112.539,111.351,113.115,108.932,117.506,112.363,105.571
202004,Apr-20,108.630,104.416,116.965,99.756,108.245,103.801,112.446,111.417,113.734,109.358,117.506,113.135,104.753
202005,May-20,108.648,104.976,117.349,100.020,108.334,104.524,110.861,110.270,114.268,109.235,117.506,113.617,104.905
202006,Jun-20,108.769,104.384,117.008,99.918,108.417,105.409,112.774,110.845,114.309,109.505,117.506,113.242,104.960
202007,Jul-20,109.184,104.110,117.465,99.177,108.578,104.975,113.934,112.284,114.751,110.657,117.506,114.134,104.958
202008,Aug-20,108.834,104.196,116.838,99.629,108.674,105.520,113.317,113.503,114.760,110.194,117.506,108.754,105.144
202009,Sep-20,109.219,103.483,116.894,102.477,108.776,105.715,113.259,112.654,114.739,110.398,117.937,112.041,105.181
202010,Oct-20,109.242,103.523,117.199,104.986,108.284,105.277,112.959,112.730,114.773,110.360,120.019,111.933,105.285
202011,Nov-20,109.137,103.285,116.910,102.233,108.375,105.303,112.829,112.107,114.900,110.690,120.019,112.764,105.237
202012,Dec-20,109.404,102.920,117.018,102.291,108.559,106.278,112.175,113.830,114.919,111.247,120.019,111.910,105.262
202101,Jan-21,109.276,103.500,119.382,97.351,108.694,104.617,112.974,114.037,114.679,111.125,120.019,112.886,105.464
202102,Feb-21,109.424,103.776,119.056,95.868,108.816,106.227,112.570,114.913,114.697,111.122,120.019,113.290,105.457
202103,Mar-21,109.676,103.124,118.975,97.410,108.852,107.032,112.839,115.699,115.045,111.331,120.019,113.498,105.833
202104,Apr-21,110.403,103.911,119.535,99.764,110.149,106.595,114.166,117.028,117.088,110.072,120.019,114.271,105.387
202105,May-21,110.953,103.617,119.359,102.075,110.340,107.441,113.963,117.426,116.886,111.358,120.019,115.675,106.031
202106,Jun-21,111.432,103.794,119.901,102.850,110.502,108.911,114.615,118.972,117.196,111.779,120.019,116.067,106.215
202107,Jul-21,111.445,103.445,119.337,100.796,110.650,108.078,114.988,121.168,116.469,111.365,120.019,116.636,106.002
202108,Aug-21,112.114,104.552,119.775,100.978,110.798,109.479,114.904,122.657,116.162,112.718,120.019,118.108,106.307
202109,Sep-21,112.409,104.358,120.134,103.114,111.025,110.505,114.804,122.179,116.641,113.287,121.326,117.725,106.330
202110,Oct-21,113.425,104.861,119.484,104.690,112.393,111.284,114.459,124.043,116.540,113.042,125.437,119.013,106.799
202111,Nov-21,114.134,105.888,122.570,105.818,112.627,111.816,114.505,126.162,116.354,114.298,125.437,118.694,106.826
202112,Dec-21,114.682,107.254,121.660,106.576,112.899,114.094,114.848,127.638,115.833,114.593,125.437,118.601,107.031
202201,Jan-22,114.636,108.008,123.282,103.497,113.237,113.532,115.419,127.230,115.926,114.316,125.437,118.165,107.171
202202,Feb-22,115.421,109.030,123.391,104.326,113.444,116.047,115.472,128.364,115.987,116.290,125.437,119.010,107.323
202203,Mar-22,116.502,109.251,124.742,106.882,113.837,118.204,115.617,131.471,115.899,116.873,125.437,121.345,107.734
202204,Apr-22,119.001,110.879,124.847,107.992,119.642,117.967,116.600,133.006,120.290,116.598,125.437,123.387,108.261
202205,May-22,119.698,112.584,125.390,109.150,119.977,119.232,115.977,133.861,120.049,116.936,125.437,124.485,109.006
202206,Jun-22,120.542,113.983,125.541,109.172,120.305,120.267,116.469,137.034,120.562,117.149,125.437,125.999,109.504
202207,Jul-22,121.218,116.573,125.863,107.482,120.753,119.078,116.522,139.463,120.135,117.616,125.437,127.079,110.191
202208,Aug-22,121.772,118.296,126.385,108.627,120.951,120.606,117.851,137.814,119.281,118.672,125.437,128.360,111.179
202209,Sep-22,122.320,119.644,126.845,111.826,121.358,122.399,118.740,135.522,119.372,119.237,126.497,129.133,111.696
202210,Oct-22,124.311,122.025,126.863,113.570,125.497,123.133,119.222,135.561,120.249,119.661,129.400,130.385,112.288
202211,Nov-22,124.787,123.391,127.669,113.722,125.818,123.840,119.917,135.747,119.250,120.402,129.400,130.858,112.623
202212,Dec-22,125.284,125.409,126.250,113.416,126.147,125.323,120.611,136.464,118.031,120.145,129.400,132.069,112.963
202301,Jan-23,124.774,126.136,129.642,109.916,126.610,123.914,122.789,131.532,118.575,120.056,129.400,130.879,113.548
202302,Feb-23,125.992,128.837,130.380,112.716,126.847,126.065,123.475,132.387,120.120,121.068,129.400,133.431,114.472
202303,Mar-23,126.829,130.245,131.381,114.549,127.082,127.677,124.006,132.836,120.020,122.255,129.400,135.059,115.029
202304,Apr-23,128.339,132.096,136.148,115.297,128.341,126.774,125.035,135.191,129.629,124.021,129.400,135.972,115.652
202305,May-23,129.127,133.306,136.921,116.821,128.700,128.152,125.791,135.605,130.809,124.927,129.400,137.298,116.358
202306,Jun-23,129.354,133.796,137.039,117.050,129.098,128.152,126.133,134.683,131.844,125.141,129.400,137.997,116.566
202307,Jul-23,128.957,133.915,137.601,114.565,127.330,126.528,127.047,136.482,128.542,125.558,129.400,139.267,116.609
202308,Aug-23,129.431,134.381,139.639,116.213,127.844,126.781,127.984,136.808,129.001,125.792,129.400,139.070,117.116
202309,Sep-23,130.071,134.210,141.001,119.548,128.315,126.971,128.722,136.536,128.985,126.645,131.714,140.274,117.293
202310,Oct-23,130.210,134.361,140.766,120.624,127.871,126.980,129.037,136.221,129.872,127.559,135.176,140.296,117.705
202311,Nov-23,130.049,134.781,140.659,120.207,128.242,126.751,129.092,133.882,128.876,127.084,135.176,140.793,117.642
202312,Dec-23,130.549,135.465,142.368,120.679,128.589,128.511,129.713,134.636,128.136,127.326,135.176,141.430,117.325
202401,Jan-24,130.036,134.929,145.459,115.946,129.725,124.527,131.423,130.894,128.351,127.232,135.176,140.135,118.359
202402,Feb-24,130.838,135.241,145.755,118.327,130.519,126.185,131.684,131.906,126.974,127.862,135.176,141.502,118.384
202403,Mar-24,131.592,135.493,147.041,119.010,131.075,126.585,132.262,132.744,129.140,129.056,135.176,143.006,118.670
202404,Apr-24,132.243,135.928,147.086,119.519,130.933,125.606,133.511,135.029,134.949,129.754,135.176,144.254,119.603
202405,May-24,132.728,135.562,147.592,120.280,131.442,125.873,133.776,136.013,136.316,130.030,135.176,145.285,119.766
202406,Jun-24,132.985,135.833,147.011,118.872,132.013,126.144,134.206,135.691,135.785,130.222,135.176,146.650,119.812
202407,Jul-24,132.935,135.861,147.552,116.826,132.095,124.460,134.485,136.671,134.388,130.338,135.176,146.133,120.558
202408,Aug-24,133.405,136.183,147.613,118.041,132.591,125.192,135.139,138.398,134.346,130.909,135.176,145.159,120.881
202409,Sep-24,133.513,136.680,147.743,120.514,133.165,125.664,135.437,133.327,135.722,131.614,137.557,146.040,121.094
202410,Oct-24,134.327,136.877,148.059,121.832,134.950,126.308,136.248,133.478,135.948,131.489,141.976,146.269,121.083
202411,Nov-24,134.614,137.509,150.175,122.615,135.731,126.180,136.256,132.409,135.011,131.662,141.976,146.363,121.161
202412,Dec-24,135.070,138.170,149.891,121.999,136.267,128.062,136.947,133.784,135.906,131.612,141.976,146.238,121.374
202501,Jan-25,135.050,139.369,152.641,117.978,136.990,125.118,137.969,133.131,135.926,132.029,145.336,144.775,121.619
202502,Feb-25,135.625,139.684,154.130,117.615,137.374,126.448,138.354,134.260,136.240,132.180,145.336,146.360,121.938
202503,Mar-25,136.091,139.619,154.830,120.329,137.709,127.236,138.859,134.399,136.840,132.149,145.336,147.320,122.294
202504,Apr-25,137.712,140.588,155.484,119.003,140.145,125.013,139.310,139.482,142.717,133.780,145.336,148.152,122.580
202505,May-25,137.996,141.551,155.633,119.904,140.522,126.853,139.756,137.003,142.453,134.129,145.336,149.304,123.070
202506,Jun-25,138.428,142.013,156.382,119.416,140.817,127.315,140.140,137.993,142.496,134.582,145.336,150.454,123.044
202507,Jul-25,138.468,142.584,155.946,117.158,140.222,125.278,139.162,141.089,142.599,134.718,145.336,151.044,123.227
202508,Aug-25,138.867,143.160,156.346,118.281,140.587,126.217,139.781,141.703,142.516,135.092,145.336,150.671,123.614
202509,Sep-25,138.936,142.876,156.330,121.065,141.032,126.179,140.112,138.445,142.085,135.117,147.451,151.802,123.545
202510,Oct-25,139.454,143.604,156.769,122.248,141.668,126.697,139.892,138.500,141.841,135.281,152.704,151.775,123.817
202511,Nov-25,139.361,143.329,156.129,121.858,142.253,125.762,139.742,137.329,141.447,135.420,152.704,151.474,123.742